"State","Crop","Calendar","Mandi Modal Price (AgMarknet)"
"Andhra Pradesh","Bajra","Oct 2016","1600.96"
"Andhra Pradesh","Bajra","Nov 2016","1519.22"
"Andhra Pradesh","Bajra","Dec 2016","1842.28"
"Andhra Pradesh","Bajra","Jan 2017","1866.15"
"Andhra Pradesh","Bajra","Feb 2017","1936.83"
"Andhra Pradesh","Bajra","Mar 2017","1465.81"
"Andhra Pradesh","Bajra","Apr 2017","1399.76"
"Andhra Pradesh","Bajra","May 2017","1411.44"
"Andhra Pradesh","Bajra","Jun 2017","1445.22"
"Andhra Pradesh","Bajra","Jul 2017","1422.47"
"Andhra Pradesh","Bajra","Aug 2017","1429.54"
"Andhra Pradesh","Bajra","Sep 2017","1446.00"
"Andhra Pradesh","Bajra","Oct 2017","1405.97"
"Andhra Pradesh","Bajra","Nov 2017","1394.66"
"Andhra Pradesh","Bajra","Dec 2017","1315.29"
"Andhra Pradesh","Bajra","Jan 2018","1297.54"
"Andhra Pradesh","Bajra","Feb 2018","1220.00"
"Andhra Pradesh","Bajra","Oct 2018","1865.00"
"Andhra Pradesh","Bajra","Nov 2018","2100.00"
"Andhra Pradesh","Bajra","Nov 2024","2142.00"
"Andhra Pradesh","Bajra","Dec 2024","2279.38"
"Andhra Pradesh","Bajra","Jan 2025","2351.33"
"Andhra Pradesh","Bajra","Feb 2025","2207.89"
"Andhra Pradesh","Bajra","Mar 2025","2234.86"
"Andhra Pradesh","Bajra","Apr 2025","2353.78"
"Andhra Pradesh","Bajra","May 2025","1851.54"
"Andhra Pradesh","Bajra","Jun 2025","1871.70"
"Andhra Pradesh","Bajra","Jul 2025","2243.75"
"Andhra Pradesh","Bajra","Aug 2025","2393.63"
"Andhra Pradesh","Bajra","Sep 2025","1813.68"
"Andhra Pradesh","Bajra","Oct 2025","1867.53"
"Andhra Pradesh","Bajra","Nov 2025","2004.70"
"Andhra Pradesh","Bajra","Dec 2025","2106.04"
"Andhra Pradesh","Bajra","Jan 2026","2068.14"
"Andhra Pradesh","Bajra","Feb 2026","2070.99"
"Andhra Pradesh","Bajra","Mar 2026","1983.11"
"Andhra Pradesh","Bajra","Apr 2026","1923.04"
"Andhra Pradesh","Bajra","May 2026","1821.62"
"Andhra Pradesh","Bajra","Jun 2026","2289.76"
"Andhra Pradesh","Bajra","Jul 2026","2257.32"
"Andhra Pradesh","Bajra","Aug 2026","2478.15"
"Andhra Pradesh","Bajra","Sep 2026","2720.83"
"Andhra Pradesh","Paddy","Oct 2016","1485.68"
"Andhra Pradesh","Paddy","Nov 2016","1474.98"
"Andhra Pradesh","Paddy","Dec 2016","1478.77"
"Andhra Pradesh","Paddy","Jan 2017","1490.18"
"Andhra Pradesh","Paddy","Feb 2017","1497.29"
"Andhra Pradesh","Paddy","Mar 2017","1514.71"
"Andhra Pradesh","Paddy","Apr 2017","1507.53"
"Andhra Pradesh","Paddy","May 2017","1524.21"
"Andhra Pradesh","Paddy","Jun 2017","1525.09"
"Andhra Pradesh","Paddy","Jul 2017","1485.87"
"Andhra Pradesh","Paddy","Aug 2017","1503.81"
"Andhra Pradesh","Paddy","Sep 2017","1526.67"
"Andhra Pradesh","Paddy","Oct 2017","1539.37"
"Andhra Pradesh","Paddy","Nov 2017","1549.58"
"Andhra Pradesh","Paddy","Dec 2017","1550.53"
"Andhra Pradesh","Paddy","Jan 2018","1555.66"
"Andhra Pradesh","Paddy","Feb 2018","1562.40"
"Andhra Pradesh","Paddy","Mar 2018","1554.01"
"Andhra Pradesh","Paddy","Jul 2018","1731.01"
"Andhra Pradesh","Paddy","Aug 2018","1600.56"
"Andhra Pradesh","Paddy","Sep 2018","1602.91"
"Andhra Pradesh","Paddy","Oct 2018","1764.36"
"Andhra Pradesh","Paddy","Nov 2018","1761.00"
"Andhra Pradesh","Paddy","Dec 2018","1748.48"
"Andhra Pradesh","Paddy","Jan 2019","1769.77"
"Andhra Pradesh","Paddy","Feb 2019","1774.00"
"Andhra Pradesh","Paddy","Mar 2019","1762.52"
"Andhra Pradesh","Paddy","Apr 2019","1781.64"
"Andhra Pradesh","Paddy","May 2019","1810.10"
"Andhra Pradesh","Paddy","Jun 2019","1801.97"
"Andhra Pradesh","Paddy","Jul 2019","1805.31"
"Andhra Pradesh","Paddy","Aug 2019","1808.55"
"Andhra Pradesh","Paddy","Sep 2019","1815.71"
"Andhra Pradesh","Paddy","Oct 2019","1826.53"
"Andhra Pradesh","Paddy","Nov 2019","1842.02"
"Andhra Pradesh","Paddy","Dec 2019","1869.93"
"Andhra Pradesh","Paddy","Jan 2020","2015.02"
"Andhra Pradesh","Paddy","Feb 2020","1912.00"
"Andhra Pradesh","Paddy","Mar 2020","1953.40"
"Andhra Pradesh","Paddy","Apr 2020","1780.12"
"Andhra Pradesh","Paddy","May 2020","1811.65"
"Andhra Pradesh","Paddy","Jun 2020","1721.88"
"Andhra Pradesh","Paddy","Jul 2020","1726.94"
"Andhra Pradesh","Paddy","Aug 2020","1794.85"
"Andhra Pradesh","Paddy","Sep 2020","1934.97"
"Andhra Pradesh","Paddy","Oct 2020","1985.36"
"Andhra Pradesh","Paddy","Nov 2020","2002.05"
"Andhra Pradesh","Paddy","Dec 2020","1932.99"
"Andhra Pradesh","Paddy","Jan 2021","1929.86"
"Andhra Pradesh","Paddy","Feb 2021","1973.58"
"Andhra Pradesh","Paddy","Mar 2021","1970.15"
"Andhra Pradesh","Paddy","Apr 2021","1841.46"
"Andhra Pradesh","Paddy","May 2021","1833.70"
"Andhra Pradesh","Paddy","Jun 2021","1797.38"
"Andhra Pradesh","Paddy","Jul 2021","1766.44"
"Andhra Pradesh","Paddy","Aug 2021","1784.80"
"Andhra Pradesh","Paddy","Sep 2021","1628.88"
"Andhra Pradesh","Paddy","Oct 2021","1625.65"
"Andhra Pradesh","Paddy","Nov 2021","1723.05"
"Andhra Pradesh","Paddy","Dec 2021","1558.55"
"Andhra Pradesh","Paddy","Jan 2022","1846.76"
"Andhra Pradesh","Paddy","Feb 2022","1864.64"
"Andhra Pradesh","Paddy","Mar 2022","1908.76"
"Andhra Pradesh","Paddy","Apr 2022","1905.89"
"Andhra Pradesh","Paddy","May 2022","1867.32"
"Andhra Pradesh","Paddy","Jun 2022","1848.94"
"Andhra Pradesh","Paddy","Jul 2022","1809.95"
"Andhra Pradesh","Paddy","Aug 2022","1801.79"
"Andhra Pradesh","Paddy","Sep 2022","1882.43"
"Andhra Pradesh","Paddy","Oct 2022","1946.64"
"Andhra Pradesh","Paddy","Nov 2022","2015.58"
"Andhra Pradesh","Paddy","Dec 2022","2039.84"
"Andhra Pradesh","Paddy","Jan 2023","2038.16"
"Andhra Pradesh","Paddy","Feb 2023","2038.17"
"Andhra Pradesh","Paddy","Mar 2023","2047.67"
"Andhra Pradesh","Paddy","Apr 2023","2041.42"
"Andhra Pradesh","Paddy","May 2023","2042.24"
"Andhra Pradesh","Paddy","Jun 2023","2041.60"
"Andhra Pradesh","Paddy","Jul 2023","2052.34"
"Andhra Pradesh","Paddy","Aug 2023","2044.84"
"Andhra Pradesh","Paddy","Sep 2023","2084.27"
"Andhra Pradesh","Paddy","Oct 2023","2221.48"
"Andhra Pradesh","Paddy","Nov 2023","2260.50"
"Andhra Pradesh","Paddy","Dec 2023","2205.99"
"Andhra Pradesh","Paddy","Jan 2024","2190.86"
"Andhra Pradesh","Paddy","Feb 2024","2230.44"
"Andhra Pradesh","Paddy","Mar 2024","2191.44"
"Andhra Pradesh","Paddy","Apr 2024","2297.46"
"Andhra Pradesh","Paddy","May 2024","2300.45"
"Andhra Pradesh","Paddy","Jun 2024","2248.58"
"Andhra Pradesh","Paddy","Jul 2024","2315.81"
"Andhra Pradesh","Paddy","Aug 2024","2619.30"
"Andhra Pradesh","Paddy","Sep 2024","2366.25"
"Andhra Pradesh","Paddy","Oct 2024","2501.24"
"Andhra Pradesh","Paddy","Nov 2024","2460.09"
"Andhra Pradesh","Paddy","Dec 2024","2348.55"
"Andhra Pradesh","Paddy","Jan 2025","2565.96"
"Andhra Pradesh","Paddy","Feb 2025","2382.89"
"Andhra Pradesh","Paddy","Mar 2025","2320.46"
"Andhra Pradesh","Paddy","Apr 2025","2237.10"
"Andhra Pradesh","Paddy","May 2025","2304.66"
"Andhra Pradesh","Paddy","Jun 2025","2376.28"
"Andhra Pradesh","Paddy","Jul 2025","2371.33"
"Andhra Pradesh","Paddy","Aug 2025","2455.56"
"Andhra Pradesh","Paddy","Sep 2025","2341.39"
"Andhra Pradesh","Paddy","Oct 2025","2354.53"
"Andhra Pradesh","Paddy","Nov 2025","2431.57"
"Andhra Pradesh","Paddy","Dec 2025","2294.22"
"Andhra Pradesh","Paddy","Jan 2026","2339.63"
"Andhra Pradesh","Paddy","Feb 2026","2311.61"
"Andhra Pradesh","Paddy","Mar 2026","2231.80"
"Andhra Pradesh","Paddy","Apr 2026","2380.93"
"Andhra Pradesh","Paddy","May 2026","2364.98"
"Andhra Pradesh","Paddy","Jun 2026","2380.73"
"Andhra Pradesh","Paddy","Jul 2026","2354.30"
"Andhra Pradesh","Paddy","Aug 2026","2379.90"
"Andhra Pradesh","Paddy","Sep 2026","2484.03"
"Andhra Pradesh","Ragi","Oct 2016","1628.03"
"Andhra Pradesh","Ragi","Nov 2016","1927.50"
"Andhra Pradesh","Ragi","Dec 2016","1942.86"
"Andhra Pradesh","Ragi","Jan 2017","1876.10"
"Andhra Pradesh","Ragi","Feb 2017","1873.40"
"Andhra Pradesh","Ragi","Mar 2017","2349.69"
"Andhra Pradesh","Ragi","Apr 2017","2216.33"
"Andhra Pradesh","Ragi","May 2017","1868.88"
"Andhra Pradesh","Ragi","Jun 2017","2075.72"
"Andhra Pradesh","Ragi","Jul 2017","1938.44"
"Andhra Pradesh","Ragi","Aug 2017","1895.55"
"Andhra Pradesh","Ragi","Sep 2017","2076.35"
"Andhra Pradesh","Ragi","Oct 2017","2256.57"
"Andhra Pradesh","Ragi","Nov 2017","2064.05"
"Andhra Pradesh","Ragi","Dec 2017","1900.00"
"Andhra Pradesh","Ragi","Jan 2018","1800.00"
"Andhra Pradesh","Ragi","Jan 2025","2800.00"
"Andhra Pradesh","Maize","Oct 2016","1441.92"
"Andhra Pradesh","Maize","Nov 2016","1358.25"
"Andhra Pradesh","Maize","Dec 2016","1375.41"
"Andhra Pradesh","Maize","Jan 2017","1439.76"
"Andhra Pradesh","Maize","Feb 2017","1444.92"
"Andhra Pradesh","Maize","Mar 2017","1354.57"
"Andhra Pradesh","Maize","Apr 2017","1425.65"
"Andhra Pradesh","Maize","May 2017","1484.70"
"Andhra Pradesh","Maize","Jun 2017","1592.63"
"Andhra Pradesh","Maize","Jul 2017","1550.80"
"Andhra Pradesh","Maize","Aug 2017","1583.18"
"Andhra Pradesh","Maize","Sep 2017","1459.55"
"Andhra Pradesh","Maize","Oct 2017","1343.61"
"Andhra Pradesh","Maize","Nov 2017","1205.88"
"Andhra Pradesh","Maize","Dec 2017","1239.86"
"Andhra Pradesh","Maize","Jan 2018","1289.19"
"Andhra Pradesh","Maize","Feb 2018","1145.94"
"Andhra Pradesh","Maize","Mar 2018","1108.23"
"Andhra Pradesh","Maize","Jul 2018","978.97"
"Andhra Pradesh","Maize","Aug 2018","916.71"
"Andhra Pradesh","Maize","Sep 2018","1354.52"
"Andhra Pradesh","Maize","Oct 2018","1486.62"
"Andhra Pradesh","Maize","Nov 2018","1440.57"
"Andhra Pradesh","Maize","Dec 2018","1530.71"
"Andhra Pradesh","Maize","Jan 2019","1617.90"
"Andhra Pradesh","Maize","Feb 2019","1755.20"
"Andhra Pradesh","Maize","Mar 2019","1590.16"
"Andhra Pradesh","Maize","Apr 2019","1879.20"
"Andhra Pradesh","Maize","May 2019","1863.20"
"Andhra Pradesh","Maize","Jun 2019","1642.80"
"Andhra Pradesh","Maize","Jul 2019","1651.16"
"Andhra Pradesh","Maize","Aug 2019","1653.81"
"Andhra Pradesh","Maize","Sep 2019","1606.95"
"Andhra Pradesh","Maize","Oct 2019","1601.65"
"Andhra Pradesh","Maize","Nov 2019","1553.04"
"Andhra Pradesh","Maize","Dec 2019","1755.41"
"Andhra Pradesh","Maize","Jan 2020","1831.39"
"Andhra Pradesh","Maize","Feb 2020","1680.48"
"Andhra Pradesh","Maize","May 2020","1631.83"
"Andhra Pradesh","Maize","Jun 2020","1480.05"
"Andhra Pradesh","Maize","Jul 2020","1444.19"
"Andhra Pradesh","Maize","Aug 2020","972.60"
"Andhra Pradesh","Maize","Sep 2020","1227.71"
"Andhra Pradesh","Maize","Oct 2020","1184.73"
"Andhra Pradesh","Maize","Nov 2020","1305.95"
"Andhra Pradesh","Maize","Dec 2020","1333.14"
"Andhra Pradesh","Maize","Jan 2021","1248.81"
"Andhra Pradesh","Maize","Feb 2021","1340.33"
"Andhra Pradesh","Maize","Mar 2021","1499.61"
"Andhra Pradesh","Maize","Apr 2021","1311.21"
"Andhra Pradesh","Maize","May 2021","1340.52"
"Andhra Pradesh","Maize","Jun 2021","1417.54"
"Andhra Pradesh","Maize","Jul 2021","1524.90"
"Andhra Pradesh","Maize","Aug 2021","1386.80"
"Andhra Pradesh","Maize","Sep 2021","1140.15"
"Andhra Pradesh","Maize","Oct 2021","1400.85"
"Andhra Pradesh","Maize","Nov 2021","1471.66"
"Andhra Pradesh","Maize","Dec 2021","1527.71"
"Andhra Pradesh","Maize","Jan 2022","1675.99"
"Andhra Pradesh","Maize","Feb 2022","1670.72"
"Andhra Pradesh","Maize","Mar 2022","1921.67"
"Andhra Pradesh","Maize","Apr 2022","2071.26"
"Andhra Pradesh","Maize","May 2022","1865.35"
"Andhra Pradesh","Maize","Jun 2022","1904.90"
"Andhra Pradesh","Maize","Jul 2022","1910.18"
"Andhra Pradesh","Maize","Aug 2022","1846.31"
"Andhra Pradesh","Maize","Sep 2022","1723.58"
"Andhra Pradesh","Maize","Oct 2022","1808.05"
"Andhra Pradesh","Maize","Nov 2022","1903.54"
"Andhra Pradesh","Maize","Dec 2022","2080.39"
"Andhra Pradesh","Maize","Jan 2023","2033.59"
"Andhra Pradesh","Maize","Feb 2023","2087.51"
"Andhra Pradesh","Maize","Mar 2023","1982.52"
"Andhra Pradesh","Maize","Apr 2023","2060.15"
"Andhra Pradesh","Maize","May 2023","1892.95"
"Andhra Pradesh","Maize","Jun 2023","1838.90"
"Andhra Pradesh","Maize","Jul 2023","2006.50"
"Andhra Pradesh","Maize","Aug 2023","2018.18"
"Andhra Pradesh","Maize","Sep 2023","1977.86"
"Andhra Pradesh","Maize","Oct 2023","2004.09"
"Andhra Pradesh","Maize","Nov 2023","2139.72"
"Andhra Pradesh","Maize","Dec 2023","2058.55"
"Andhra Pradesh","Maize","Jan 2024","2104.58"
"Andhra Pradesh","Maize","Feb 2024","2101.64"
"Andhra Pradesh","Maize","Mar 2024","2062.51"
"Andhra Pradesh","Maize","Apr 2024","2151.62"
"Andhra Pradesh","Maize","May 2024","2203.28"
"Andhra Pradesh","Maize","Jun 2024","2217.88"
"Andhra Pradesh","Maize","Jul 2024","2200.95"
"Andhra Pradesh","Maize","Aug 2024","2355.95"
"Andhra Pradesh","Maize","Sep 2024","2520.00"
"Andhra Pradesh","Maize","Oct 2024","2411.52"
"Andhra Pradesh","Maize","Nov 2024","2201.09"
"Andhra Pradesh","Maize","Dec 2024","2121.98"
"Andhra Pradesh","Maize","Jan 2025","2295.60"
"Andhra Pradesh","Maize","Feb 2025","2657.52"
"Andhra Pradesh","Maize","Mar 2025","2177.03"
"Andhra Pradesh","Maize","Apr 2025","2214.67"
"Andhra Pradesh","Maize","May 2025","2295.95"
"Andhra Pradesh","Maize","Jun 2025","2241.39"
"Andhra Pradesh","Maize","Jul 2025","2305.16"
"Andhra Pradesh","Maize","Aug 2025","2308.40"
"Andhra Pradesh","Maize","Sep 2025","2312.46"
"Andhra Pradesh","Maize","Oct 2025","2337.26"
"Andhra Pradesh","Maize","Nov 2025","2317.58"
"Andhra Pradesh","Maize","Dec 2025","2239.61"
"Andhra Pradesh","Maize","Jan 2026","2184.91"
"Andhra Pradesh","Maize","Feb 2026","2079.29"
"Andhra Pradesh","Maize","Mar 2026","1609.12"
"Andhra Pradesh","Maize","Apr 2026","1642.98"
"Andhra Pradesh","Maize","May 2026","1875.83"
"Andhra Pradesh","Maize","Jun 2026","2138.92"
"Andhra Pradesh","Maize","Jul 2026","2298.62"
"Andhra Pradesh","Maize","Aug 2026","2306.37"
"Andhra Pradesh","Maize","Sep 2026","2467.08"
"Andhra Pradesh","Groundnut","Oct 2016","3878.53"
"Andhra Pradesh","Groundnut","Nov 2016","4094.26"
"Andhra Pradesh","Groundnut","Dec 2016","4318.79"
"Andhra Pradesh","Groundnut","Jan 2017","4789.63"
"Andhra Pradesh","Groundnut","Feb 2017","4624.37"
"Andhra Pradesh","Groundnut","Mar 2017","5218.12"
"Andhra Pradesh","Groundnut","Apr 2017","5153.61"
"Andhra Pradesh","Groundnut","May 2017","4819.06"
"Andhra Pradesh","Groundnut","Jun 2017","4745.43"
"Andhra Pradesh","Groundnut","Jul 2017","4370.60"
"Andhra Pradesh","Groundnut","Aug 2017","3924.03"
"Andhra Pradesh","Groundnut","Sep 2017","3882.21"
"Andhra Pradesh","Groundnut","Oct 2017","3191.29"
"Andhra Pradesh","Groundnut","Nov 2017","3534.44"
"Andhra Pradesh","Groundnut","Dec 2017","3670.05"
"Andhra Pradesh","Groundnut","Jan 2018","3625.12"
"Andhra Pradesh","Groundnut","Feb 2018","3937.90"
"Andhra Pradesh","Groundnut","Mar 2018","3873.12"
"Andhra Pradesh","Groundnut","Jul 2018","3785.09"
"Andhra Pradesh","Groundnut","Aug 2018","3999.25"
"Andhra Pradesh","Groundnut","Sep 2018","4239.74"
"Andhra Pradesh","Groundnut","Oct 2018","4465.82"
"Andhra Pradesh","Groundnut","Nov 2018","4366.90"
"Andhra Pradesh","Groundnut","Dec 2018","4308.38"
"Andhra Pradesh","Groundnut","Jan 2019","4338.40"
"Andhra Pradesh","Groundnut","Feb 2019","4378.88"
"Andhra Pradesh","Groundnut","Mar 2019","4285.60"
"Andhra Pradesh","Groundnut","Apr 2019","4505.15"
"Andhra Pradesh","Groundnut","May 2019","5044.48"
"Andhra Pradesh","Groundnut","Jun 2019","5117.18"
"Andhra Pradesh","Groundnut","Jul 2019","5758.74"
"Andhra Pradesh","Groundnut","Aug 2019","5990.42"
"Andhra Pradesh","Groundnut","Sep 2019","6039.00"
"Andhra Pradesh","Groundnut","Oct 2019","5593.64"
"Andhra Pradesh","Groundnut","Nov 2019","4474.60"
"Andhra Pradesh","Groundnut","Dec 2019","4393.50"
"Andhra Pradesh","Groundnut","Jan 2020","4259.31"
"Andhra Pradesh","Groundnut","Feb 2020","4664.24"
"Andhra Pradesh","Groundnut","May 2020","5169.00"
"Andhra Pradesh","Groundnut","Jun 2020","4996.73"
"Andhra Pradesh","Groundnut","Jul 2020","4925.11"
"Andhra Pradesh","Groundnut","Aug 2020","4253.39"
"Andhra Pradesh","Groundnut","Sep 2020","4067.33"
"Andhra Pradesh","Groundnut","Oct 2020","4017.28"
"Andhra Pradesh","Groundnut","Nov 2020","4359.70"
"Andhra Pradesh","Groundnut","Dec 2020","4409.40"
"Andhra Pradesh","Groundnut","Jan 2021","4961.65"
"Andhra Pradesh","Groundnut","Feb 2021","5560.53"
"Andhra Pradesh","Groundnut","Mar 2021","5930.45"
"Andhra Pradesh","Groundnut","Apr 2021","5065.62"
"Andhra Pradesh","Groundnut","May 2021","4902.80"
"Andhra Pradesh","Groundnut","Jun 2021","4614.85"
"Andhra Pradesh","Groundnut","Jul 2021","4676.30"
"Andhra Pradesh","Groundnut","Aug 2021","5051.40"
"Andhra Pradesh","Groundnut","Sep 2021","5314.84"
"Andhra Pradesh","Groundnut","Oct 2021","5239.06"
"Andhra Pradesh","Groundnut","Nov 2021","5232.00"
"Andhra Pradesh","Groundnut","Dec 2021","5065.63"
"Andhra Pradesh","Groundnut","Jan 2022","5315.58"
"Andhra Pradesh","Groundnut","Feb 2022","5255.93"
"Andhra Pradesh","Groundnut","Mar 2022","5436.45"
"Andhra Pradesh","Groundnut","Apr 2022","5294.71"
"Andhra Pradesh","Groundnut","May 2022","5344.30"
"Andhra Pradesh","Groundnut","Jun 2022","5484.62"
"Andhra Pradesh","Groundnut","Jul 2022","5848.35"
"Andhra Pradesh","Groundnut","Aug 2022","5698.08"
"Andhra Pradesh","Groundnut","Sep 2022","5819.68"
"Andhra Pradesh","Groundnut","Oct 2022","5309.30"
"Andhra Pradesh","Groundnut","Nov 2022","5459.10"
"Andhra Pradesh","Groundnut","Dec 2022","6020.10"
"Andhra Pradesh","Groundnut","Jan 2023","6517.72"
"Andhra Pradesh","Groundnut","Feb 2023","6724.43"
"Andhra Pradesh","Groundnut","Mar 2023","6380.54"
"Andhra Pradesh","Groundnut","Apr 2023","6598.80"
"Andhra Pradesh","Groundnut","May 2023","6727.22"
"Andhra Pradesh","Groundnut","Jun 2023","6771.39"
"Andhra Pradesh","Groundnut","Jul 2023","6689.92"
"Andhra Pradesh","Groundnut","Aug 2023","7185.77"
"Andhra Pradesh","Groundnut","Sep 2023","7245.54"
"Andhra Pradesh","Groundnut","Oct 2023","6623.91"
"Andhra Pradesh","Groundnut","Nov 2023","6795.34"
"Andhra Pradesh","Groundnut","Dec 2023","6712.24"
"Andhra Pradesh","Groundnut","Jan 2024","6131.27"
"Andhra Pradesh","Groundnut","Feb 2024","6633.40"
"Andhra Pradesh","Groundnut","Mar 2024","6511.15"
"Andhra Pradesh","Groundnut","Apr 2024","6436.74"
"Andhra Pradesh","Groundnut","May 2024","6422.55"
"Andhra Pradesh","Groundnut","Jun 2024","5947.24"
"Andhra Pradesh","Groundnut","Jul 2024","6384.89"
"Andhra Pradesh","Groundnut","Aug 2024","7086.43"
"Andhra Pradesh","Groundnut","Sep 2024","6480.08"
"Andhra Pradesh","Groundnut","Oct 2024","6128.92"
"Andhra Pradesh","Groundnut","Nov 2024","6171.22"
"Andhra Pradesh","Groundnut","Dec 2024","5619.44"
"Andhra Pradesh","Groundnut","Jan 2025","5369.13"
"Andhra Pradesh","Groundnut","Feb 2025","5921.36"
"Andhra Pradesh","Groundnut","Mar 2025","6369.55"
"Andhra Pradesh","Groundnut","Apr 2025","6114.33"
"Andhra Pradesh","Groundnut","May 2025","5425.61"
"Andhra Pradesh","Groundnut","Jun 2025","5668.46"
"Andhra Pradesh","Groundnut","Jul 2025","6074.87"
"Andhra Pradesh","Groundnut","Aug 2025","6184.80"
"Andhra Pradesh","Groundnut","Sep 2025","6106.07"
"Andhra Pradesh","Groundnut","Oct 2025","6048.04"
"Andhra Pradesh","Groundnut","Nov 2025","5902.72"
"Andhra Pradesh","Groundnut","Dec 2025","6451.59"
"Andhra Pradesh","Groundnut","Jan 2026","8076.19"
"Andhra Pradesh","Groundnut","Feb 2026","9005.95"
"Andhra Pradesh","Groundnut","Mar 2026","7353.43"
"Andhra Pradesh","Groundnut","Apr 2026","6991.74"
"Andhra Pradesh","Groundnut","May 2026","6836.88"
"Andhra Pradesh","Groundnut","Jun 2026","6417.63"
"Andhra Pradesh","Groundnut","Jul 2026","7407.23"
"Andhra Pradesh","Groundnut","Aug 2026","7105.98"
"Andhra Pradesh","Groundnut","Sep 2026","7268.49"
"Andhra Pradesh","Gram","Oct 2016","6468.87"
"Andhra Pradesh","Gram","Nov 2016","7199.26"
"Andhra Pradesh","Gram","Dec 2016","7122.50"
"Andhra Pradesh","Gram","Jan 2017","6226.52"
"Andhra Pradesh","Gram","Feb 2017","6006.28"
"Andhra Pradesh","Gram","Mar 2017","5488.16"
"Andhra Pradesh","Gram","Apr 2017","5933.20"
"Andhra Pradesh","Gram","May 2017","5953.92"
"Andhra Pradesh","Gram","Jun 2017","5666.81"
"Andhra Pradesh","Gram","Jul 2017","5671.11"
"Andhra Pradesh","Gram","Aug 2017","5649.34"
"Andhra Pradesh","Gram","Sep 2017","6237.17"
"Andhra Pradesh","Gram","Oct 2017","5620.16"
"Andhra Pradesh","Gram","Nov 2017","4671.14"
"Andhra Pradesh","Gram","Dec 2017","4691.10"
"Andhra Pradesh","Gram","Jan 2018","3820.13"
"Andhra Pradesh","Gram","Feb 2018","3700.96"
"Andhra Pradesh","Gram","Mar 2018","3367.19"
"Andhra Pradesh","Gram","Jul 2018","3777.46"
"Andhra Pradesh","Gram","Aug 2018","3383.66"
"Andhra Pradesh","Gram","Sep 2018","4249.50"
"Andhra Pradesh","Gram","Oct 2018","4294.97"
"Andhra Pradesh","Gram","Nov 2018","4591.74"
"Andhra Pradesh","Gram","Dec 2018","4602.12"
"Andhra Pradesh","Gram","Jan 2019","5189.91"
"Andhra Pradesh","Gram","Feb 2019","4891.97"
"Andhra Pradesh","Gram","Mar 2019","3981.92"
"Andhra Pradesh","Gram","Apr 2019","4356.16"
"Andhra Pradesh","Gram","May 2019","4493.86"
"Andhra Pradesh","Gram","Jun 2019","4556.97"
"Andhra Pradesh","Gram","Jul 2019","4617.40"
"Andhra Pradesh","Gram","Aug 2019","4629.99"
"Andhra Pradesh","Gram","Sep 2019","4574.05"
"Andhra Pradesh","Gram","Oct 2019","4864.78"
"Andhra Pradesh","Gram","Nov 2019","5113.91"
"Andhra Pradesh","Gram","Dec 2019","4496.67"
"Andhra Pradesh","Gram","Jan 2020","4029.69"
"Andhra Pradesh","Gram","Feb 2020","3680.15"
"Andhra Pradesh","Gram","Mar 2020","3535.31"
"Andhra Pradesh","Gram","Apr 2020","4100.00"
"Andhra Pradesh","Gram","May 2020","4058.17"
"Andhra Pradesh","Gram","Jun 2020","3674.35"
"Andhra Pradesh","Gram","Jul 2020","3990.45"
"Andhra Pradesh","Gram","Aug 2020","3726.55"
"Andhra Pradesh","Gram","Sep 2020","4224.47"
"Andhra Pradesh","Gram","Oct 2020","4797.60"
"Andhra Pradesh","Gram","Nov 2020","5058.26"
"Andhra Pradesh","Gram","Dec 2020","4751.45"
"Andhra Pradesh","Gram","Jan 2021","4350.63"
"Andhra Pradesh","Gram","Feb 2021","4504.74"
"Andhra Pradesh","Gram","Mar 2021","4567.36"
"Andhra Pradesh","Gram","Apr 2021","4595.47"
"Andhra Pradesh","Gram","May 2021","3921.88"
"Andhra Pradesh","Gram","Jun 2021","4643.48"
"Andhra Pradesh","Gram","Jul 2021","4692.92"
"Andhra Pradesh","Gram","Aug 2021","4676.23"
"Andhra Pradesh","Gram","Sep 2021","4866.63"
"Andhra Pradesh","Gram","Oct 2021","4877.73"
"Andhra Pradesh","Gram","Nov 2021","4735.56"
"Andhra Pradesh","Gram","Dec 2021","4988.87"
"Andhra Pradesh","Gram","Jan 2022","4722.15"
"Andhra Pradesh","Gram","Feb 2022","4360.04"
"Andhra Pradesh","Gram","Mar 2022","4149.75"
"Andhra Pradesh","Gram","Apr 2022","4590.83"
"Andhra Pradesh","Gram","May 2022","4721.36"
"Andhra Pradesh","Gram","Jun 2022","4953.45"
"Andhra Pradesh","Gram","Jul 2022","4965.53"
"Andhra Pradesh","Gram","Aug 2022","5121.57"
"Andhra Pradesh","Gram","Sep 2022","4941.87"
"Andhra Pradesh","Gram","Oct 2022","4963.06"
"Andhra Pradesh","Gram","Nov 2022","5014.74"
"Andhra Pradesh","Gram","Dec 2022","5050.90"
"Andhra Pradesh","Gram","Jan 2023","4764.38"
"Andhra Pradesh","Gram","Feb 2023","4279.64"
"Andhra Pradesh","Gram","Mar 2023","4496.47"
"Andhra Pradesh","Gram","Apr 2023","4643.60"
"Andhra Pradesh","Gram","May 2023","7184.62"
"Andhra Pradesh","Gram","Jun 2023","5165.25"
"Andhra Pradesh","Gram","Jul 2023","4400.49"
"Andhra Pradesh","Gram","Aug 2023","4463.83"
"Andhra Pradesh","Gram","Sep 2023","5450.00"
"Andhra Pradesh","Gram","Oct 2023","5288.41"
"Andhra Pradesh","Gram","Nov 2023","5618.10"
"Andhra Pradesh","Gram","Dec 2023","5440.51"
"Andhra Pradesh","Gram","Jan 2024","5675.88"
"Andhra Pradesh","Gram","Feb 2024","6201.11"
"Andhra Pradesh","Gram","Mar 2024","5288.39"
"Andhra Pradesh","Gram","Apr 2024","5560.41"
"Andhra Pradesh","Gram","May 2024","6096.01"
"Andhra Pradesh","Gram","Jun 2024","6682.72"
"Andhra Pradesh","Gram","Jul 2024","6675.21"
"Andhra Pradesh","Gram","Aug 2024","6863.98"
"Andhra Pradesh","Gram","Sep 2024","6756.37"
"Andhra Pradesh","Gram","Oct 2024","5578.30"
"Andhra Pradesh","Gram","Nov 2024","5668.91"
"Andhra Pradesh","Gram","Dec 2024","5483.61"
"Andhra Pradesh","Gram","Jan 2025","5757.42"
"Andhra Pradesh","Gram","Feb 2025","5785.00"
"Andhra Pradesh","Gram","Mar 2025","5943.04"
"Andhra Pradesh","Gram","Apr 2025","5603.73"
"Andhra Pradesh","Gram","May 2025","5101.91"
"Andhra Pradesh","Gram","Jun 2025","5591.64"
"Andhra Pradesh","Gram","Jul 2025","5392.53"
"Andhra Pradesh","Gram","Aug 2025","5485.84"
"Andhra Pradesh","Gram","Sep 2025","5423.08"
"Andhra Pradesh","Gram","Oct 2025","5577.33"
"Andhra Pradesh","Gram","Nov 2025","5495.67"
"Andhra Pradesh","Gram","Dec 2025","4688.45"
"Andhra Pradesh","Gram","Jan 2026","5389.93"
"Andhra Pradesh","Gram","Feb 2026","5245.89"
"Andhra Pradesh","Gram","Mar 2026","4978.70"
"Andhra Pradesh","Gram","Apr 2026","5144.96"
"Andhra Pradesh","Gram","May 2026","5208.03"
"Andhra Pradesh","Gram","Jun 2026","5530.59"
"Andhra Pradesh","Gram","Jul 2026","6136.97"
"Andhra Pradesh","Gram","Aug 2026","5546.85"
"Andhra Pradesh","Gram","Sep 2026","5949.81"
"Andhra Pradesh","Potato","Oct 2016","1383.85"
"Andhra Pradesh","Potato","Nov 2016","1280.22"
"Andhra Pradesh","Potato","Dec 2016","1173.42"
"Andhra Pradesh","Potato","Jan 2017","940.77"
"Andhra Pradesh","Potato","Feb 2017","1185.31"
"Andhra Pradesh","Potato","Mar 2017","1158.27"
"Andhra Pradesh","Potato","Apr 2017","919.93"
"Andhra Pradesh","Potato","May 2017","1271.75"
"Andhra Pradesh","Potato","Jun 2017","617.24"
"Andhra Pradesh","Potato","Jul 2017","1063.97"
"Andhra Pradesh","Potato","Aug 2017","993.80"
"Andhra Pradesh","Potato","Sep 2017","671.82"
"Andhra Pradesh","Potato","Oct 2017","579.11"
"Andhra Pradesh","Potato","Nov 2017","608.03"
"Andhra Pradesh","Potato","Dec 2017","515.51"
"Andhra Pradesh","Potato","Jan 2018","549.52"
"Andhra Pradesh","Potato","Feb 2018","549.64"
"Andhra Pradesh","Potato","Mar 2018","529.32"
"Andhra Pradesh","Potato","Aug 2018","750.00"
"Andhra Pradesh","Potato","Sep 2018","950.98"
"Andhra Pradesh","Potato","Oct 2018","1500.00"
"Andhra Pradesh","Potato","Nov 2018","1343.24"
"Andhra Pradesh","Potato","Dec 2018","1070.87"
"Andhra Pradesh","Potato","Jan 2019","1100.24"
"Andhra Pradesh","Potato","Feb 2019","939.96"
"Andhra Pradesh","Potato","Mar 2019","851.96"
"Andhra Pradesh","Potato","Apr 2019","1140.86"
"Andhra Pradesh","Potato","May 2019","1250.86"
"Andhra Pradesh","Potato","Jun 2019","1255.75"
"Andhra Pradesh","Potato","Jul 2019","1496.83"
"Andhra Pradesh","Potato","Aug 2019","1497.53"
"Andhra Pradesh","Potato","Sep 2019","1300.15"
"Andhra Pradesh","Potato","Oct 2019","1516.48"
"Andhra Pradesh","Potato","Nov 2019","1559.79"
"Andhra Pradesh","Potato","Dec 2019","1725.94"
"Andhra Pradesh","Potato","Jan 2022","1799.75"
"Andhra Pradesh","Potato","Feb 2022","1437.95"
"Andhra Pradesh","Potato","Mar 2022","1529.53"
"Andhra Pradesh","Potato","Apr 2022","1461.22"
"Andhra Pradesh","Potato","May 2022","1619.53"
"Andhra Pradesh","Potato","Apr 2023","1215.32"
"Andhra Pradesh","Potato","May 2023","1500.00"
"Andhra Pradesh","Potato","Oct 2023","1500.00"
"Andhra Pradesh","Potato","Nov 2023","1500.00"
"Andhra Pradesh","Potato","Dec 2023","1664.46"
"Andhra Pradesh","Potato","Feb 2024","1888.04"
"Andhra Pradesh","Potato","Mar 2024","1943.59"
"Andhra Pradesh","Potato","May 2024","2333.42"
"Andhra Pradesh","Potato","Jun 2024","2514.28"
"Andhra Pradesh","Potato","Jul 2024","2402.16"
"Andhra Pradesh","Potato","Aug 2024","2482.40"
"Andhra Pradesh","Potato","Sep 2024","2790.71"
"Andhra Pradesh","Potato","Oct 2024","3136.33"
"Andhra Pradesh","Potato","Nov 2024","2874.49"
"Andhra Pradesh","Potato","Dec 2024","2500.00"
"Andhra Pradesh","Potato","Jan 2025","2500.00"
"Andhra Pradesh","Potato","Feb 2025","1944.14"
"Andhra Pradesh","Potato","Mar 2025","1592.26"
"Andhra Pradesh","Potato","Apr 2025","1222.11"
"Andhra Pradesh","Potato","May 2025","1554.23"
"Andhra Pradesh","Potato","Jun 2025","1881.54"
"Andhra Pradesh","Potato","Jul 2025","1518.89"
"Andhra Pradesh","Potato","Aug 2025","1549.20"
"Andhra Pradesh","Potato","Sep 2025","1571.89"
"Andhra Pradesh","Potato","Oct 2025","1758.70"
"Andhra Pradesh","Potato","Nov 2025","2217.33"
"Andhra Pradesh","Potato","Dec 2025","1905.22"
"Andhra Pradesh","Potato","Jan 2026","2145.47"
"Andhra Pradesh","Potato","Feb 2026","1597.90"
"Andhra Pradesh","Potato","Mar 2026","1100.52"
"Andhra Pradesh","Potato","Apr 2026","1298.63"
"Andhra Pradesh","Potato","May 2026","1566.04"
"Andhra Pradesh","Potato","Jun 2026","1693.06"
"Andhra Pradesh","Potato","Jul 2026","1649.75"
"Andhra Pradesh","Potato","Aug 2026","1483.13"
"Andhra Pradesh","Potato","Sep 2026","1501.88"
"Andhra Pradesh","Sunflower","Oct 2016","2994.15"
"Andhra Pradesh","Sunflower","Nov 2016","3299.88"
"Andhra Pradesh","Sunflower","Dec 2016","3164.34"
"Andhra Pradesh","Sunflower","Jan 2017","3080.58"
"Andhra Pradesh","Sunflower","Feb 2017","3089.19"
"Andhra Pradesh","Sunflower","Mar 2017","2955.31"
"Andhra Pradesh","Sunflower","Apr 2017","2729.89"
"Andhra Pradesh","Sunflower","May 2017","2737.56"
"Andhra Pradesh","Sunflower","Jun 2017","2406.37"
"Andhra Pradesh","Sunflower","Jul 2017","2812.08"
"Andhra Pradesh","Sunflower","Aug 2017","2547.50"
"Andhra Pradesh","Sunflower","Sep 2017","2742.71"
"Andhra Pradesh","Sunflower","Oct 2017","2454.38"
"Andhra Pradesh","Sunflower","Nov 2017","2865.32"
"Andhra Pradesh","Sunflower","Dec 2017","2849.68"
"Andhra Pradesh","Sunflower","Jan 2018","3520.50"
"Andhra Pradesh","Sunflower","Feb 2018","3244.58"
"Andhra Pradesh","Sunflower","Mar 2018","3362.40"
"Andhra Pradesh","Sunflower","Jul 2018","3609.83"
"Andhra Pradesh","Sunflower","Aug 2018","3569.57"
"Andhra Pradesh","Sunflower","Sep 2018","3869.73"
"Andhra Pradesh","Sunflower","Oct 2018","3758.71"
"Andhra Pradesh","Sunflower","Nov 2018","3694.54"
"Andhra Pradesh","Sunflower","Dec 2018","3702.40"
"Andhra Pradesh","Sunflower","Jan 2019","3733.75"
"Andhra Pradesh","Sunflower","Feb 2019","3862.23"
"Andhra Pradesh","Sunflower","Mar 2019","3224.49"
"Andhra Pradesh","Sunflower","Apr 2019","3182.03"
"Andhra Pradesh","Sunflower","May 2019","3175.63"
"Andhra Pradesh","Sunflower","Jun 2019","3365.67"
"Andhra Pradesh","Sunflower","Jul 2019","3041.28"
"Andhra Pradesh","Sunflower","Aug 2019","3572.97"
"Andhra Pradesh","Sunflower","Sep 2019","3763.04"
"Andhra Pradesh","Sunflower","Oct 2019","3503.17"
"Andhra Pradesh","Sunflower","Nov 2019","3063.36"
"Andhra Pradesh","Sunflower","Dec 2019","3699.10"
"Andhra Pradesh","Sunflower","Jan 2020","3495.51"
"Andhra Pradesh","Sunflower","Feb 2020","3640.73"
"Andhra Pradesh","Sunflower","May 2020","3727.39"
"Andhra Pradesh","Sunflower","Jun 2020","3937.16"
"Andhra Pradesh","Sunflower","Jul 2020","3678.92"
"Andhra Pradesh","Sunflower","Aug 2020","2027.57"
"Andhra Pradesh","Sunflower","Sep 2020","4537.31"
"Andhra Pradesh","Sunflower","Oct 2020","3240.66"
"Andhra Pradesh","Sunflower","Nov 2020","3209.91"
"Andhra Pradesh","Sunflower","Dec 2020","2865.29"
"Andhra Pradesh","Sunflower","Jan 2021","4998.87"
"Andhra Pradesh","Sunflower","Feb 2021","6016.63"
"Andhra Pradesh","Sunflower","Mar 2021","6498.50"
"Andhra Pradesh","Sunflower","Apr 2021","4925.59"
"Andhra Pradesh","Sunflower","May 2021","5035.00"
"Andhra Pradesh","Sunflower","Jun 2021","5061.46"
"Andhra Pradesh","Sunflower","Jul 2021","5914.25"
"Andhra Pradesh","Sunflower","Aug 2021","6025.67"
"Andhra Pradesh","Sunflower","Sep 2021","5096.71"
"Andhra Pradesh","Sunflower","Oct 2021","5442.52"
"Andhra Pradesh","Sunflower","Nov 2021","5398.85"
"Andhra Pradesh","Sunflower","Dec 2021","4165.34"
"Andhra Pradesh","Sunflower","Jan 2022","5402.96"
"Andhra Pradesh","Sunflower","Feb 2022","5695.37"
"Andhra Pradesh","Sunflower","Mar 2022","6640.28"
"Andhra Pradesh","Sunflower","Apr 2022","5038.94"
"Andhra Pradesh","Sunflower","May 2022","6599.55"
"Andhra Pradesh","Sunflower","Jun 2022","6348.52"
"Andhra Pradesh","Sunflower","Jul 2022","5303.27"
"Andhra Pradesh","Sunflower","Aug 2022","6288.48"
"Andhra Pradesh","Sunflower","Sep 2022","4802.37"
"Andhra Pradesh","Sunflower","Oct 2022","5825.21"
"Andhra Pradesh","Sunflower","Nov 2022","5929.60"
"Andhra Pradesh","Sunflower","Dec 2022","4892.61"
"Andhra Pradesh","Sunflower","Jan 2023","5294.48"
"Andhra Pradesh","Sunflower","Feb 2023","4975.18"
"Andhra Pradesh","Sunflower","Mar 2023","4572.78"
"Andhra Pradesh","Sunflower","Apr 2023","4443.80"
"Andhra Pradesh","Sunflower","May 2023","4094.87"
"Andhra Pradesh","Sunflower","Jun 2023","3789.75"
"Andhra Pradesh","Sunflower","Jul 2023","4499.62"
"Andhra Pradesh","Sunflower","Aug 2023","4736.93"
"Andhra Pradesh","Sunflower","Sep 2023","4338.35"
"Andhra Pradesh","Sunflower","Oct 2023","4474.77"
"Andhra Pradesh","Sunflower","Nov 2023","4465.41"
"Andhra Pradesh","Sunflower","Dec 2023","3964.64"
"Andhra Pradesh","Sunflower","Jan 2024","4303.26"
"Andhra Pradesh","Sunflower","Feb 2024","3709.46"
"Andhra Pradesh","Sunflower","Mar 2024","3732.89"
"Andhra Pradesh","Sunflower","Apr 2024","3613.55"
"Andhra Pradesh","Sunflower","May 2024","4048.43"
"Andhra Pradesh","Sunflower","Jun 2024","3700.00"
"Andhra Pradesh","Sunflower","Jul 2024","3526.35"
"Andhra Pradesh","Sunflower","Aug 2024","3720.61"
"Andhra Pradesh","Sunflower","Sep 2024","5517.74"
"Andhra Pradesh","Sunflower","Oct 2024","5284.56"
"Andhra Pradesh","Sunflower","Nov 2024","5055.50"
"Andhra Pradesh","Sunflower","Dec 2024","4248.25"
"Andhra Pradesh","Sunflower","Jan 2025","4786.38"
"Andhra Pradesh","Sunflower","Feb 2025","5255.57"
"Andhra Pradesh","Sunflower","Mar 2025","4931.43"
"Andhra Pradesh","Sunflower","Apr 2025","4942.01"
"Andhra Pradesh","Sunflower","May 2025","4517.22"
"Andhra Pradesh","Sunflower","Jun 2025","4422.20"
"Andhra Pradesh","Sunflower","Jul 2025","5341.08"
"Andhra Pradesh","Sunflower","Aug 2025","5801.98"
"Andhra Pradesh","Sunflower","Sep 2025","5521.68"
"Andhra Pradesh","Sunflower","Oct 2025","6143.99"
"Andhra Pradesh","Sunflower","Nov 2025","5828.85"
"Andhra Pradesh","Sunflower","Dec 2025","5600.67"
"Andhra Pradesh","Sunflower","Jan 2026","5057.05"
"Andhra Pradesh","Sunflower","Feb 2026","6088.06"
"Andhra Pradesh","Sunflower","Mar 2026","6180.41"
"Andhra Pradesh","Sunflower","Apr 2026","5631.53"
"Andhra Pradesh","Sunflower","May 2026","6016.47"
"Andhra Pradesh","Sunflower","Jun 2026","9170.94"
"Andhra Pradesh","Sunflower","Jul 2026","4989.56"
"Andhra Pradesh","Sunflower","Aug 2026","6921.05"
"Andhra Pradesh","Jute","Oct 2016","2968.05"
"Andhra Pradesh","Jute","Nov 2016","2888.99"
"Andhra Pradesh","Jute","Dec 2016","2810.46"
"Andhra Pradesh","Jute","Jan 2017","2942.18"
"Andhra Pradesh","Jute","Feb 2017","2883.79"
"Andhra Pradesh","Jute","Mar 2017","3035.33"
"Andhra Pradesh","Jute","Apr 2017","2847.05"
"Andhra Pradesh","Jute","May 2017","2730.00"
"Andhra Pradesh","Jute","Jun 2017","2897.48"
"Andhra Pradesh","Jute","Jul 2017","3138.46"
"Andhra Pradesh","Jute","Sep 2017","2972.41"
"Andhra Pradesh","Jute","Nov 2017","2240.00"
"Andhra Pradesh","Jute","Dec 2017","3300.00"
"Andhra Pradesh","Jute","Feb 2018","2000.00"
"Andhra Pradesh","Rice","Oct 2016","1649.66"
"Andhra Pradesh","Rice","Nov 2016","1492.66"
"Andhra Pradesh","Rice","Dec 2016","1483.61"
"Andhra Pradesh","Rice","Jan 2017","1512.26"
"Andhra Pradesh","Rice","Feb 2017","1548.55"
"Andhra Pradesh","Rice","Mar 2017","1627.52"
"Andhra Pradesh","Rice","Apr 2017","1537.50"
"Andhra Pradesh","Rice","May 2017","1544.24"
"Andhra Pradesh","Rice","Jun 2017","1555.90"
"Andhra Pradesh","Rice","Jul 2017","1497.51"
"Andhra Pradesh","Rice","Aug 2017","1519.87"
"Andhra Pradesh","Rice","Sep 2017","1747.74"
"Andhra Pradesh","Rice","Oct 2017","1741.13"
"Andhra Pradesh","Rice","Nov 2017","1556.36"
"Andhra Pradesh","Rice","Dec 2017","1552.21"
"Andhra Pradesh","Rice","Jan 2018","1556.33"
"Andhra Pradesh","Rice","Feb 2018","1574.95"
"Andhra Pradesh","Rice","Mar 2018","1603.19"
"Andhra Pradesh","Rice","Jul 2018","1731.01"
"Andhra Pradesh","Rice","Aug 2018","1600.56"
"Andhra Pradesh","Rice","Sep 2018","1687.70"
"Andhra Pradesh","Rice","Oct 2018","2029.98"
"Andhra Pradesh","Rice","Nov 2018","1803.59"
"Andhra Pradesh","Rice","Dec 2018","1871.85"
"Andhra Pradesh","Rice","Jan 2019","2013.69"
"Andhra Pradesh","Rice","Feb 2019","2088.17"
"Andhra Pradesh","Rice","Mar 2019","2011.27"
"Andhra Pradesh","Rice","Apr 2019","2007.24"
"Andhra Pradesh","Rice","May 2019","2065.70"
"Andhra Pradesh","Rice","Jun 2019","2057.61"
"Andhra Pradesh","Rice","Jul 2019","2049.10"
"Andhra Pradesh","Rice","Aug 2019","2023.65"
"Andhra Pradesh","Rice","Sep 2019","2099.10"
"Andhra Pradesh","Rice","Oct 2019","2089.41"
"Andhra Pradesh","Rice","Nov 2019","2194.97"
"Andhra Pradesh","Rice","Dec 2019","1998.53"
"Andhra Pradesh","Rice","Jan 2020","2015.02"
"Andhra Pradesh","Rice","Feb 2020","1911.99"
"Andhra Pradesh","Rice","Mar 2020","1953.40"
"Andhra Pradesh","Rice","Apr 2020","1780.12"
"Andhra Pradesh","Rice","May 2020","1811.65"
"Andhra Pradesh","Rice","Jun 2020","1721.87"
"Andhra Pradesh","Rice","Jul 2020","1726.94"
"Andhra Pradesh","Rice","Aug 2020","1794.85"
"Andhra Pradesh","Rice","Sep 2020","1934.96"
"Andhra Pradesh","Rice","Oct 2020","1985.36"
"Andhra Pradesh","Rice","Nov 2020","2002.04"
"Andhra Pradesh","Rice","Dec 2020","1932.99"
"Andhra Pradesh","Rice","Jan 2021","1929.86"
"Andhra Pradesh","Rice","Feb 2021","1973.58"
"Andhra Pradesh","Rice","Mar 2021","1970.14"
"Andhra Pradesh","Rice","Apr 2021","1841.45"
"Andhra Pradesh","Rice","May 2021","1833.69"
"Andhra Pradesh","Rice","Jun 2021","1797.38"
"Andhra Pradesh","Rice","Jul 2021","1766.43"
"Andhra Pradesh","Rice","Aug 2021","1784.79"
"Andhra Pradesh","Rice","Sep 2021","1628.88"
"Andhra Pradesh","Rice","Oct 2021","1625.65"
"Andhra Pradesh","Rice","Nov 2021","1723.05"
"Andhra Pradesh","Rice","Dec 2021","1558.55"
"Andhra Pradesh","Rice","Jan 2022","1846.76"
"Andhra Pradesh","Rice","Feb 2022","1864.63"
"Andhra Pradesh","Rice","Mar 2022","1908.75"
"Andhra Pradesh","Rice","Apr 2022","1905.88"
"Andhra Pradesh","Rice","May 2022","1867.31"
"Andhra Pradesh","Rice","Jun 2022","1848.94"
"Andhra Pradesh","Rice","Jul 2022","1809.95"
"Andhra Pradesh","Rice","Aug 2022","1801.79"
"Andhra Pradesh","Rice","Sep 2022","1882.42"
"Andhra Pradesh","Rice","Oct 2022","1946.64"
"Andhra Pradesh","Rice","Nov 2022","2015.58"
"Andhra Pradesh","Rice","Dec 2022","2039.84"
"Andhra Pradesh","Rice","Jan 2023","2038.15"
"Andhra Pradesh","Rice","Feb 2023","2038.17"
"Andhra Pradesh","Rice","Mar 2023","2047.67"
"Andhra Pradesh","Rice","Apr 2023","2041.41"
"Andhra Pradesh","Rice","May 2023","2042.23"
"Andhra Pradesh","Rice","Jun 2023","2041.59"
"Andhra Pradesh","Rice","Jul 2023","2052.34"
"Andhra Pradesh","Rice","Aug 2023","2044.83"
"Andhra Pradesh","Rice","Sep 2023","2084.26"
"Andhra Pradesh","Rice","Oct 2023","2221.47"
"Andhra Pradesh","Rice","Nov 2023","2260.49"
"Andhra Pradesh","Rice","Dec 2023","2205.98"
"Andhra Pradesh","Rice","Jan 2024","2190.86"
"Andhra Pradesh","Rice","Feb 2024","2230.44"
"Andhra Pradesh","Rice","Mar 2024","2191.44"
"Andhra Pradesh","Rice","Apr 2024","2297.46"
"Andhra Pradesh","Rice","May 2024","2300.44"
"Andhra Pradesh","Rice","Jun 2024","2248.58"
"Andhra Pradesh","Rice","Jul 2024","2315.81"
"Andhra Pradesh","Rice","Aug 2024","2392.34"
"Andhra Pradesh","Rice","Sep 2024","2366.24"
"Andhra Pradesh","Rice","Oct 2024","2501.24"
"Andhra Pradesh","Rice","Nov 2024","2460.09"
"Andhra Pradesh","Rice","Dec 2024","2348.54"
"Andhra Pradesh","Rice","Jan 2025","2824.29"
"Andhra Pradesh","Rice","Feb 2025","2604.85"
"Andhra Pradesh","Rice","Mar 2025","2410.70"
"Andhra Pradesh","Rice","Apr 2025","2278.56"
"Andhra Pradesh","Rice","May 2025","2580.89"
"Andhra Pradesh","Rice","Jun 2025","2738.18"
"Andhra Pradesh","Rice","Jul 2025","3111.66"
"Andhra Pradesh","Rice","Aug 2025","3055.30"
"Andhra Pradesh","Rice","Sep 2025","2513.39"
"Andhra Pradesh","Rice","Oct 2025","2712.68"
"Andhra Pradesh","Rice","Nov 2025","2826.45"
"Andhra Pradesh","Rice","Dec 2025","4706.25"
"Andhra Pradesh","Rice","Jan 2026","4300.00"
"Andhra Pradesh","Rice","Feb 2026","5000.00"
"Andhra Pradesh","Rice","May 2026","3095.47"
"Andhra Pradesh","Rice","Jun 2026","4597.04"
"Andhra Pradesh","Rice","Jul 2026","4679.91"
"Andhra Pradesh","Rice","Aug 2026","4810.73"
"Andhra Pradesh","Rice","Sep 2026","4897.42"
"Andhra Pradesh","Onion","Oct 2016","325.77"
"Andhra Pradesh","Onion","Nov 2016","461.57"
"Andhra Pradesh","Onion","Dec 2016","412.56"
"Andhra Pradesh","Onion","Jan 2017","494.91"
"Andhra Pradesh","Onion","Feb 2017","626.40"
"Andhra Pradesh","Onion","Mar 2017","608.64"
"Andhra Pradesh","Onion","Apr 2017","586.36"
"Andhra Pradesh","Onion","May 2017","554.62"
"Andhra Pradesh","Onion","Jun 2017","651.67"
"Andhra Pradesh","Onion","Jul 2017","972.70"
"Andhra Pradesh","Onion","Aug 2017","1774.23"
"Andhra Pradesh","Onion","Sep 2017","1274.94"
"Andhra Pradesh","Onion","Oct 2017","1412.56"
"Andhra Pradesh","Onion","Nov 2017","2627.38"
"Andhra Pradesh","Onion","Dec 2017","2912.47"
"Andhra Pradesh","Onion","Jan 2018","2568.47"
"Andhra Pradesh","Onion","Feb 2018","1460.30"
"Andhra Pradesh","Onion","Mar 2018","723.36"
"Andhra Pradesh","Onion","Jul 2018","1016.41"
"Andhra Pradesh","Onion","Aug 2018","1050.08"
"Andhra Pradesh","Onion","Sep 2018","880.94"
"Andhra Pradesh","Onion","Oct 2018","807.27"
"Andhra Pradesh","Onion","Nov 2018","607.87"
"Andhra Pradesh","Onion","Dec 2018","457.45"
"Andhra Pradesh","Onion","Jan 2019","520.89"
"Andhra Pradesh","Onion","Feb 2019","458.90"
"Andhra Pradesh","Onion","Mar 2019","700.97"
"Andhra Pradesh","Onion","Apr 2019","794.87"
"Andhra Pradesh","Onion","May 2019","1133.99"
"Andhra Pradesh","Onion","Jun 2019","1572.42"
"Andhra Pradesh","Onion","Jul 2019","1600.91"
"Andhra Pradesh","Onion","Aug 2019","2238.16"
"Andhra Pradesh","Onion","Sep 2019","2456.71"
"Andhra Pradesh","Onion","Oct 2019","2212.43"
"Andhra Pradesh","Onion","Nov 2019","2182.80"
"Andhra Pradesh","Onion","Jan 2020","3118.17"
"Andhra Pradesh","Onion","Feb 2020","1844.72"
"Andhra Pradesh","Onion","Aug 2020","651.05"
"Andhra Pradesh","Onion","Sep 2020","1026.91"
"Andhra Pradesh","Onion","Oct 2020","2108.02"
"Andhra Pradesh","Onion","Nov 2020","3493.63"
"Andhra Pradesh","Onion","Dec 2020","2500.02"
"Andhra Pradesh","Onion","Jan 2021","2506.68"
"Andhra Pradesh","Onion","Feb 2021","2837.68"
"Andhra Pradesh","Onion","Mar 2021","1164.60"
"Andhra Pradesh","Onion","Apr 2021","762.69"
"Andhra Pradesh","Onion","May 2021","930.54"
"Andhra Pradesh","Onion","Jun 2021","1513.35"
"Andhra Pradesh","Onion","Jul 2021","1427.64"
"Andhra Pradesh","Onion","Aug 2021","1261.46"
"Andhra Pradesh","Onion","Sep 2021","1044.00"
"Andhra Pradesh","Onion","Oct 2021","1561.68"
"Andhra Pradesh","Onion","Nov 2021","1459.68"
"Andhra Pradesh","Onion","Dec 2021","1295.40"
"Andhra Pradesh","Onion","Jan 2022","1607.88"
"Andhra Pradesh","Onion","Feb 2022","1720.18"
"Andhra Pradesh","Onion","Mar 2022","1052.61"
"Andhra Pradesh","Onion","Apr 2022","684.12"
"Andhra Pradesh","Onion","May 2022","578.15"
"Andhra Pradesh","Onion","Jun 2022","908.35"
"Andhra Pradesh","Onion","Jul 2022","894.78"
"Andhra Pradesh","Onion","Aug 2022","818.38"
"Andhra Pradesh","Onion","Sep 2022","738.15"
"Andhra Pradesh","Onion","Oct 2022","836.15"
"Andhra Pradesh","Onion","Nov 2022","1024.84"
"Andhra Pradesh","Onion","Dec 2022","1057.59"
"Andhra Pradesh","Onion","Jan 2023","1051.35"
"Andhra Pradesh","Onion","Feb 2023","708.15"
"Andhra Pradesh","Onion","Mar 2023","622.01"
"Andhra Pradesh","Onion","Apr 2023","675.70"
"Andhra Pradesh","Onion","May 2023","725.57"
"Andhra Pradesh","Onion","Jun 2023","1462.46"
"Andhra Pradesh","Onion","Aug 2023","2059.77"
"Andhra Pradesh","Onion","Sep 2023","1891.88"
"Andhra Pradesh","Onion","Oct 2023","2689.23"
"Andhra Pradesh","Onion","Nov 2023","3353.05"
"Andhra Pradesh","Onion","Dec 2023","2399.16"
"Andhra Pradesh","Onion","Jan 2024","1030.18"
"Andhra Pradesh","Onion","Feb 2024","1121.72"
"Andhra Pradesh","Onion","Mar 2024","1170.14"
"Andhra Pradesh","Onion","Apr 2024","1046.84"
"Andhra Pradesh","Onion","May 2024","1211.02"
"Andhra Pradesh","Onion","Jun 2024","3541.75"
"Andhra Pradesh","Onion","Jul 2024","3597.39"
"Andhra Pradesh","Onion","Aug 2024","3553.30"
"Andhra Pradesh","Onion","Sep 2024","4829.16"
"Andhra Pradesh","Onion","Oct 2024","4473.91"
"Andhra Pradesh","Onion","Nov 2024","3532.68"
"Andhra Pradesh","Onion","Dec 2024","2933.83"
"Andhra Pradesh","Onion","Jan 2025","1902.84"
"Andhra Pradesh","Onion","Feb 2025","1952.86"
"Andhra Pradesh","Onion","Mar 2025","1310.81"
"Andhra Pradesh","Onion","Apr 2025","897.21"
"Andhra Pradesh","Onion","May 2025","868.65"
"Andhra Pradesh","Onion","Jun 2025","711.50"
"Andhra Pradesh","Onion","Jul 2025","1238.30"
"Andhra Pradesh","Onion","Aug 2025","953.26"
"Andhra Pradesh","Onion","Sep 2025","662.14"
"Andhra Pradesh","Onion","Oct 2025","614.72"
"Andhra Pradesh","Onion","Nov 2025","659.48"
"Andhra Pradesh","Onion","Dec 2025","1283.42"
"Andhra Pradesh","Onion","Jan 2026","1392.21"
"Andhra Pradesh","Onion","Feb 2026","1122.76"
"Andhra Pradesh","Onion","Mar 2026","814.28"
"Andhra Pradesh","Onion","Apr 2026","833.17"
"Andhra Pradesh","Onion","May 2026","851.47"
"Andhra Pradesh","Onion","Jul 2026","1958.86"
"Andhra Pradesh","Onion","Aug 2026","2826.78"
"Andhra Pradesh","Onion","Sep 2026","4224.65"
"Andhra Pradesh","Moong","Oct 2016","4943.24"
"Andhra Pradesh","Moong","Nov 2016","4768.76"
"Andhra Pradesh","Moong","Dec 2016","5097.00"
"Andhra Pradesh","Moong","Jan 2017","6015.25"
"Andhra Pradesh","Moong","Feb 2017","5380.55"
"Andhra Pradesh","Moong","Mar 2017","5309.99"
"Andhra Pradesh","Moong","Apr 2017","5373.30"
"Andhra Pradesh","Moong","May 2017","5800.22"
"Andhra Pradesh","Moong","Jun 2017","5406.80"
"Andhra Pradesh","Moong","Jul 2017","5563.90"
"Andhra Pradesh","Moong","Aug 2017","4298.55"
"Andhra Pradesh","Moong","Sep 2017","5629.05"
"Andhra Pradesh","Moong","Oct 2017","5388.72"
"Andhra Pradesh","Moong","Nov 2017","5369.41"
"Andhra Pradesh","Moong","Dec 2017","4480.00"
"Andhra Pradesh","Moong","Jul 2026","8046.76"
"Andhra Pradesh","Moong","Aug 2026","7137.33"
"Andhra Pradesh","Moong","Sep 2026","7659.25"
"Andhra Pradesh","Tur","Oct 2016","6126.36"
"Andhra Pradesh","Tur","Nov 2016","6983.96"
"Andhra Pradesh","Tur","Dec 2016","4688.83"
"Andhra Pradesh","Tur","Jan 2017","4565.35"
"Andhra Pradesh","Tur","Feb 2017","4409.53"
"Andhra Pradesh","Tur","Mar 2017","4148.22"
"Andhra Pradesh","Tur","Apr 2017","4520.65"
"Andhra Pradesh","Tur","May 2017","4802.98"
"Andhra Pradesh","Tur","Jun 2017","3467.10"
"Andhra Pradesh","Tur","Jul 2017","3810.39"
"Andhra Pradesh","Tur","Aug 2017","4141.25"
"Andhra Pradesh","Tur","Sep 2017","4076.03"
"Andhra Pradesh","Tur","Oct 2017","4389.57"
"Andhra Pradesh","Tur","Nov 2017","3951.25"
"Andhra Pradesh","Tur","Dec 2017","3737.06"
"Andhra Pradesh","Tur","Jan 2018","4165.99"
"Andhra Pradesh","Tur","Feb 2018","4281.58"
"Andhra Pradesh","Tur","Mar 2018","3611.58"
"Andhra Pradesh","Tur","Jul 2018","3504.18"
"Andhra Pradesh","Tur","Aug 2018","3344.41"
"Andhra Pradesh","Tur","Sep 2018","3501.46"
"Andhra Pradesh","Tur","Oct 2018","5184.40"
"Andhra Pradesh","Tur","Nov 2018","3825.27"
"Andhra Pradesh","Tur","Dec 2018","3952.87"
"Andhra Pradesh","Tur","Jan 2019","4979.37"
"Andhra Pradesh","Tur","Feb 2019","4379.35"
"Andhra Pradesh","Tur","Mar 2019","4097.68"
"Andhra Pradesh","Tur","Apr 2019","4200.80"
"Andhra Pradesh","Tur","May 2019","4942.43"
"Andhra Pradesh","Tur","Jun 2019","5245.32"
"Andhra Pradesh","Tur","Jul 2019","5387.64"
"Andhra Pradesh","Tur","Aug 2019","5423.38"
"Andhra Pradesh","Tur","Sep 2019","5544.65"
"Andhra Pradesh","Tur","Oct 2019","5588.40"
"Andhra Pradesh","Tur","Nov 2019","5518.69"
"Andhra Pradesh","Tur","Dec 2019","5168.73"
"Andhra Pradesh","Tur","Jan 2020","4527.99"
"Andhra Pradesh","Tur","Feb 2020","4332.64"
"Andhra Pradesh","Tur","May 2020","4608.26"
"Andhra Pradesh","Tur","Jun 2020","4537.99"
"Andhra Pradesh","Tur","Jul 2020","5282.68"
"Andhra Pradesh","Tur","Aug 2020","4769.55"
"Andhra Pradesh","Tur","Sep 2020","5330.61"
"Andhra Pradesh","Tur","Oct 2020","6000.90"
"Andhra Pradesh","Tur","Nov 2020","5453.02"
"Andhra Pradesh","Tur","Dec 2020","4690.37"
"Andhra Pradesh","Tur","Jan 2021","4807.26"
"Andhra Pradesh","Tur","Feb 2021","5483.03"
"Andhra Pradesh","Tur","Mar 2021","5281.60"
"Andhra Pradesh","Tur","Apr 2021","5521.62"
"Andhra Pradesh","Tur","May 2021","4905.71"
"Andhra Pradesh","Tur","Jun 2021","5515.46"
"Andhra Pradesh","Tur","Jul 2021","5497.11"
"Andhra Pradesh","Tur","Aug 2021","5521.28"
"Andhra Pradesh","Tur","Sep 2021","5221.40"
"Andhra Pradesh","Tur","Oct 2021","5298.90"
"Andhra Pradesh","Tur","Nov 2021","4636.93"
"Andhra Pradesh","Tur","Dec 2021","4565.91"
"Andhra Pradesh","Tur","Jan 2022","4876.68"
"Andhra Pradesh","Tur","Feb 2022","4991.85"
"Andhra Pradesh","Tur","Mar 2022","5127.44"
"Andhra Pradesh","Tur","Apr 2022","4835.98"
"Andhra Pradesh","Tur","May 2022","4620.86"
"Andhra Pradesh","Tur","Jun 2022","5070.75"
"Andhra Pradesh","Tur","Jul 2022","5636.87"
"Andhra Pradesh","Tur","Aug 2022","5510.69"
"Andhra Pradesh","Tur","Sep 2022","4442.86"
"Andhra Pradesh","Tur","Oct 2022","5280.17"
"Andhra Pradesh","Tur","Nov 2022","5447.73"
"Andhra Pradesh","Tur","Dec 2022","6327.77"
"Andhra Pradesh","Tur","Jan 2023","5556.98"
"Andhra Pradesh","Tur","Feb 2023","5177.99"
"Andhra Pradesh","Tur","Mar 2023","6564.18"
"Andhra Pradesh","Tur","Apr 2023","6995.99"
"Andhra Pradesh","Tur","May 2023","7238.99"
"Andhra Pradesh","Tur","Jun 2023","7822.55"
"Andhra Pradesh","Tur","Jul 2023","8285.81"
"Andhra Pradesh","Tur","Aug 2023","7886.10"
"Andhra Pradesh","Tur","Sep 2023","7602.24"
"Andhra Pradesh","Tur","Oct 2023","9768.54"
"Andhra Pradesh","Tur","Nov 2023","9470.27"
"Andhra Pradesh","Tur","Dec 2023","8990.69"
"Andhra Pradesh","Tur","Jan 2024","9369.23"
"Andhra Pradesh","Tur","Feb 2024","9996.66"
"Andhra Pradesh","Tur","Mar 2024","8889.10"
"Andhra Pradesh","Tur","Apr 2024","10798.49"
"Andhra Pradesh","Tur","May 2024","11747.20"
"Andhra Pradesh","Tur","Jun 2024","10702.80"
"Andhra Pradesh","Tur","Jul 2024","9318.86"
"Andhra Pradesh","Tur","Aug 2024","14799.07"
"Andhra Pradesh","Tur","Nov 2024","9064.81"
"Andhra Pradesh","Tur","Dec 2024","7275.98"
"Andhra Pradesh","Tur","Jan 2025","7030.71"
"Andhra Pradesh","Tur","Feb 2025","6715.85"
"Andhra Pradesh","Tur","Mar 2025","6783.41"
"Andhra Pradesh","Tur","Apr 2025","6288.37"
"Andhra Pradesh","Tur","May 2025","6149.97"
"Andhra Pradesh","Tur","Jun 2025","6235.12"
"Andhra Pradesh","Tur","Jul 2025","6158.10"
"Andhra Pradesh","Tur","Aug 2025","5994.66"
"Andhra Pradesh","Tur","Sep 2025","5682.99"
"Andhra Pradesh","Tur","Oct 2025","6016.82"
"Andhra Pradesh","Tur","Nov 2025","6020.94"
"Andhra Pradesh","Tur","Dec 2025","6790.19"
"Andhra Pradesh","Tur","Jan 2026","7360.07"
"Andhra Pradesh","Tur","Feb 2026","7779.33"
"Andhra Pradesh","Tur","Mar 2026","7315.46"
"Andhra Pradesh","Tur","Apr 2026","6966.76"
"Andhra Pradesh","Tur","May 2026","7623.47"
"Andhra Pradesh","Tur","Jun 2026","7481.09"
"Andhra Pradesh","Tur","Jul 2026","7191.11"
"Andhra Pradesh","Tur","Aug 2026","7338.68"
"Andhra Pradesh","Tur","Sep 2026","7645.14"
"Andhra Pradesh","Tomato","Oct 2016","663.09"
"Andhra Pradesh","Tomato","Nov 2016","309.43"
"Andhra Pradesh","Tomato","Dec 2016","302.63"
"Andhra Pradesh","Tomato","Jan 2017","709.42"
"Andhra Pradesh","Tomato","Feb 2017","1257.64"
"Andhra Pradesh","Tomato","Mar 2017","1154.36"
"Andhra Pradesh","Tomato","Apr 2017","492.03"
"Andhra Pradesh","Tomato","May 2017","540.90"
"Andhra Pradesh","Tomato","Jun 2017","1688.19"
"Andhra Pradesh","Tomato","Jul 2017","4329.91"
"Andhra Pradesh","Tomato","Aug 2017","2466.17"
"Andhra Pradesh","Tomato","Sep 2017","1108.11"
"Andhra Pradesh","Tomato","Oct 2017","1920.10"
"Andhra Pradesh","Tomato","Nov 2017","2228.57"
"Andhra Pradesh","Tomato","Dec 2017","728.73"
"Andhra Pradesh","Tomato","Jan 2018","377.06"
"Andhra Pradesh","Tomato","Feb 2018","284.29"
"Andhra Pradesh","Tomato","Mar 2018","334.83"
"Andhra Pradesh","Tomato","Jul 2018","1220.63"
"Andhra Pradesh","Tomato","Aug 2018","657.10"
"Andhra Pradesh","Tomato","Sep 2018","501.62"
"Andhra Pradesh","Tomato","Oct 2018","541.71"
"Andhra Pradesh","Tomato","Nov 2018","698.99"
"Andhra Pradesh","Tomato","Dec 2018","612.81"
"Andhra Pradesh","Tomato","Jan 2019","1184.41"
"Andhra Pradesh","Tomato","Feb 2019","606.56"
"Andhra Pradesh","Tomato","Mar 2019","834.01"
"Andhra Pradesh","Tomato","Apr 2019","1619.72"
"Andhra Pradesh","Tomato","May 2019","1990.67"
"Andhra Pradesh","Tomato","Jun 2019","1803.59"
"Andhra Pradesh","Tomato","Jul 2019","2074.59"
"Andhra Pradesh","Tomato","Aug 2019","1255.55"
"Andhra Pradesh","Tomato","Sep 2019","817.69"
"Andhra Pradesh","Tomato","Oct 2019","1475.90"
"Andhra Pradesh","Tomato","Nov 2019","1221.76"
"Andhra Pradesh","Tomato","Dec 2019","883.10"
"Andhra Pradesh","Tomato","Jan 2020","772.86"
"Andhra Pradesh","Tomato","Feb 2020","710.51"
"Andhra Pradesh","Tomato","Mar 2020","598.61"
"Andhra Pradesh","Tomato","Apr 2020","506.85"
"Andhra Pradesh","Tomato","May 2020","498.78"
"Andhra Pradesh","Tomato","Jun 2020","1277.51"
"Andhra Pradesh","Tomato","Jul 2020","2108.24"
"Andhra Pradesh","Tomato","Aug 2020","1760.78"
"Andhra Pradesh","Tomato","Sep 2020","2002.31"
"Andhra Pradesh","Tomato","Oct 2020","1649.84"
"Andhra Pradesh","Tomato","Nov 2020","1220.99"
"Andhra Pradesh","Tomato","Dec 2020","927.73"
"Andhra Pradesh","Tomato","Jan 2021","935.34"
"Andhra Pradesh","Tomato","Feb 2021","1173.19"
"Andhra Pradesh","Tomato","Mar 2021","730.87"
"Andhra Pradesh","Tomato","Apr 2021","620.05"
"Andhra Pradesh","Tomato","May 2021","566.70"
"Andhra Pradesh","Tomato","Jun 2021","733.04"
"Andhra Pradesh","Tomato","Jul 2021","1078.09"
"Andhra Pradesh","Tomato","Aug 2021","1385.09"
"Andhra Pradesh","Tomato","Sep 2021","1123.63"
"Andhra Pradesh","Tomato","Oct 2021","2792.20"
"Andhra Pradesh","Tomato","Nov 2021","4435.96"
"Andhra Pradesh","Tomato","Dec 2021","4554.90"
"Andhra Pradesh","Tomato","Jan 2022","1563.42"
"Andhra Pradesh","Tomato","Feb 2022","750.00"
"Andhra Pradesh","Tomato","Mar 2022","645.43"
"Andhra Pradesh","Tomato","Apr 2022","1042.81"
"Andhra Pradesh","Tomato","May 2022","480.00"
"Andhra Pradesh","Tomato","Jun 2022","3195.13"
"Andhra Pradesh","Tomato","Jul 2022","1066.53"
"Andhra Pradesh","Tomato","Aug 2022","1480.08"
"Andhra Pradesh","Tomato","Sep 2022","2765.24"
"Andhra Pradesh","Tomato","Oct 2022","2046.45"
"Andhra Pradesh","Tomato","Nov 2022","1132.39"
"Andhra Pradesh","Tomato","Dec 2022","981.33"
"Andhra Pradesh","Tomato","Jan 2023","1532.56"
"Andhra Pradesh","Tomato","Feb 2023","1494.15"
"Andhra Pradesh","Tomato","Mar 2023","958.79"
"Andhra Pradesh","Tomato","Apr 2023","678.24"
"Andhra Pradesh","Tomato","May 2023","1045.65"
"Andhra Pradesh","Tomato","Jun 2023","3227.72"
"Andhra Pradesh","Tomato","Jul 2023","11144.07"
"Andhra Pradesh","Tomato","Aug 2023","3062.89"
"Andhra Pradesh","Tomato","Sep 2023","1113.60"
"Andhra Pradesh","Tomato","Oct 2023","1480.53"
"Andhra Pradesh","Tomato","Nov 2023","2362.62"
"Andhra Pradesh","Tomato","Dec 2023","1643.64"
"Andhra Pradesh","Tomato","Jan 2024","1777.85"
"Andhra Pradesh","Tomato","Feb 2024","1409.17"
"Andhra Pradesh","Tomato","Mar 2024","1394.46"
"Andhra Pradesh","Tomato","Apr 2024","1415.95"
"Andhra Pradesh","Tomato","May 2024","2032.37"
"Andhra Pradesh","Tomato","Jun 2024","4601.84"
"Andhra Pradesh","Tomato","Jul 2024","4286.76"
"Andhra Pradesh","Tomato","Aug 2024","2446.22"
"Andhra Pradesh","Tomato","Sep 2024","3395.40"
"Andhra Pradesh","Tomato","Oct 2024","5166.37"
"Andhra Pradesh","Tomato","Nov 2024","2887.72"
"Andhra Pradesh","Tomato","Dec 2024","2202.20"
"Andhra Pradesh","Tomato","Jan 2025","1389.10"
"Andhra Pradesh","Tomato","Feb 2025","1392.64"
"Andhra Pradesh","Tomato","Mar 2025","1033.14"
"Andhra Pradesh","Tomato","Apr 2025","1017.86"
"Andhra Pradesh","Tomato","May 2025","849.95"
"Andhra Pradesh","Tomato","Jun 2025","1707.12"
"Andhra Pradesh","Tomato","Jul 2025","2717.69"
"Andhra Pradesh","Tomato","Aug 2025","3395.68"
"Andhra Pradesh","Tomato","Sep 2025","1860.32"
"Andhra Pradesh","Tomato","Oct 2025","1944.90"
"Andhra Pradesh","Tomato","Nov 2025","3070.96"
"Andhra Pradesh","Tomato","Dec 2025","3429.93"
"Andhra Pradesh","Tomato","Jan 2026","2123.91"
"Andhra Pradesh","Tomato","Feb 2026","1252.77"
"Andhra Pradesh","Tomato","Mar 2026","1024.21"
"Andhra Pradesh","Tomato","Apr 2026","2067.06"
"Andhra Pradesh","Tomato","May 2026","2347.28"
"Andhra Pradesh","Tomato","Jun 2026","2169.89"
"Andhra Pradesh","Tomato","Jul 2026","1388.49"
"Andhra Pradesh","Tomato","Aug 2026","1299.51"
"Andhra Pradesh","Tomato","Sep 2026","1705.08"
"Andhra Pradesh","Urad","Oct 2016","8837.91"
"Andhra Pradesh","Urad","Nov 2016","6410.41"
"Andhra Pradesh","Urad","Dec 2016","5277.84"
"Andhra Pradesh","Urad","Jan 2017","4963.16"
"Andhra Pradesh","Urad","Feb 2017","5719.12"
"Andhra Pradesh","Urad","Mar 2017","6625.10"
"Andhra Pradesh","Urad","Apr 2017","6765.11"
"Andhra Pradesh","Urad","May 2017","5876.59"
"Andhra Pradesh","Urad","Jun 2017","6251.14"
"Andhra Pradesh","Urad","Jul 2017","5092.07"
"Andhra Pradesh","Urad","Aug 2017","5040.56"
"Andhra Pradesh","Urad","Sep 2017","5331.80"
"Andhra Pradesh","Urad","Oct 2017","5266.05"
"Andhra Pradesh","Urad","Nov 2017","4885.45"
"Andhra Pradesh","Urad","Dec 2017","5318.78"
"Andhra Pradesh","Urad","Jan 2018","5360.00"
"Andhra Pradesh","Urad","Feb 2018","5376.20"
"Andhra Pradesh","Urad","Mar 2018","4800.00"
"Andhra Pradesh","Urad","Apr 2021","6900.00"
"Andhra Pradesh","Urad","Oct 2021","6900.00"
"Andhra Pradesh","Urad","Nov 2021","5789.42"
"Andhra Pradesh","Urad","Dec 2021","4604.35"
"Andhra Pradesh","Urad","Jan 2022","4449.19"
"Andhra Pradesh","Urad","Feb 2022","4545.39"
"Andhra Pradesh","Urad","Mar 2022","5532.46"
"Andhra Pradesh","Urad","Apr 2022","5509.17"
"Andhra Pradesh","Urad","May 2022","4953.64"
"Andhra Pradesh","Urad","Jun 2022","5939.82"
"Andhra Pradesh","Urad","Jul 2022","5676.65"
"Andhra Pradesh","Urad","Aug 2022","4690.53"
"Andhra Pradesh","Urad","Sep 2022","4947.82"
"Andhra Pradesh","Urad","Oct 2022","5930.74"
"Andhra Pradesh","Urad","Nov 2022","4780.90"
"Andhra Pradesh","Urad","Dec 2022","6038.96"
"Andhra Pradesh","Urad","Jan 2023","6754.32"
"Andhra Pradesh","Urad","Feb 2023","6408.66"
"Andhra Pradesh","Urad","Mar 2023","6674.60"
"Andhra Pradesh","Urad","Apr 2023","7141.50"
"Andhra Pradesh","Urad","May 2023","6820.85"
"Andhra Pradesh","Urad","Jun 2023","6130.74"
"Andhra Pradesh","Urad","Jul 2023","7626.63"
"Andhra Pradesh","Urad","Aug 2023","5583.65"
"Andhra Pradesh","Urad","Sep 2023","7420.28"
"Andhra Pradesh","Urad","Oct 2023","6022.00"
"Andhra Pradesh","Urad","Nov 2023","7951.52"
"Andhra Pradesh","Urad","Dec 2023","8667.03"
"Andhra Pradesh","Urad","Jan 2024","8688.24"
"Andhra Pradesh","Urad","Feb 2024","9359.00"
"Andhra Pradesh","Urad","Mar 2024","8828.07"
"Andhra Pradesh","Urad","Apr 2024","8993.18"
"Andhra Pradesh","Urad","May 2024","8841.30"
"Andhra Pradesh","Urad","Jun 2024","8568.81"
"Andhra Pradesh","Urad","Jul 2024","8546.70"
"Andhra Pradesh","Urad","Sep 2024","8500.00"
"Andhra Pradesh","Urad","Oct 2024","9200.00"
"Andhra Pradesh","Urad","Nov 2024","7087.93"
"Andhra Pradesh","Urad","Dec 2024","7340.53"
"Andhra Pradesh","Urad","Jan 2025","7764.20"
"Andhra Pradesh","Urad","Feb 2025","7798.63"
"Andhra Pradesh","Urad","Mar 2025","7269.79"
"Andhra Pradesh","Urad","Apr 2025","7075.55"
"Andhra Pradesh","Urad","May 2025","6510.73"
"Andhra Pradesh","Urad","Jun 2025","5580.11"
"Andhra Pradesh","Urad","Jul 2025","6139.69"
"Andhra Pradesh","Urad","Aug 2025","5946.43"
"Andhra Pradesh","Urad","Sep 2025","5168.82"
"Andhra Pradesh","Urad","Oct 2025","5921.72"
"Andhra Pradesh","Urad","Nov 2025","5583.98"
"Andhra Pradesh","Urad","Dec 2025","6965.27"
"Andhra Pradesh","Urad","Jan 2026","7799.63"
"Andhra Pradesh","Urad","Feb 2026","7936.93"
"Andhra Pradesh","Urad","Mar 2026","8000.84"
"Andhra Pradesh","Urad","Apr 2026","7329.18"
"Andhra Pradesh","Urad","May 2026","7674.91"
"Andhra Pradesh","Urad","Jun 2026","7242.86"
"Andhra Pradesh","Urad","Jul 2026","8691.64"
"Andhra Pradesh","Urad","Aug 2026","8401.35"
"Andhra Pradesh","Urad","Sep 2026","8751.12"
"Andhra Pradesh","Jowar","Nov 2016","2790.00"
"Andhra Pradesh","Jowar","Dec 2016","2018.75"
"Andhra Pradesh","Jowar","Jan 2017","1863.58"
"Andhra Pradesh","Jowar","Feb 2017","2145.22"
"Andhra Pradesh","Jowar","Mar 2017","2114.58"
"Andhra Pradesh","Jowar","Apr 2017","2006.00"
"Andhra Pradesh","Jowar","May 2017","1660.71"
"Andhra Pradesh","Jowar","Jun 2017","1625.00"
"Andhra Pradesh","Jowar","Aug 2017","1736.47"
"Andhra Pradesh","Jowar","Sep 2017","2090.00"
"Andhra Pradesh","Jowar","Oct 2017","1600.06"
"Andhra Pradesh","Jowar","Nov 2017","1776.21"
"Andhra Pradesh","Jowar","Dec 2017","1876.78"
"Andhra Pradesh","Jowar","Jan 2018","1724.02"
"Andhra Pradesh","Jowar","Feb 2018","1503.00"
"Andhra Pradesh","Jowar","Mar 2018","1500.00"
"Andhra Pradesh","Jowar","Sep 2018","1853.99"
"Andhra Pradesh","Jowar","Oct 2018","2220.69"
"Andhra Pradesh","Jowar","Nov 2018","2166.31"
"Andhra Pradesh","Jowar","Dec 2018","2169.13"
"Andhra Pradesh","Jowar","Jan 2019","2043.04"
"Andhra Pradesh","Jowar","Feb 2019","2024.65"
"Andhra Pradesh","Jowar","Mar 2019","2055.85"
"Andhra Pradesh","Jowar","Apr 2019","2047.89"
"Andhra Pradesh","Jowar","May 2019","2113.58"
"Andhra Pradesh","Jowar","Jun 2019","2185.74"
"Andhra Pradesh","Jowar","Jul 2019","2312.29"
"Andhra Pradesh","Jowar","Aug 2019","2423.65"
"Andhra Pradesh","Jowar","Sep 2019","2457.24"
"Andhra Pradesh","Jowar","Oct 2019","2295.14"
"Andhra Pradesh","Jowar","Nov 2019","2414.43"
"Andhra Pradesh","Jowar","Dec 2019","2517.26"
"Andhra Pradesh","Jowar","Jan 2020","2567.95"
"Andhra Pradesh","Jowar","Feb 2020","2341.58"
"Andhra Pradesh","Jowar","Mar 2020","2281.47"
"Andhra Pradesh","Jowar","Apr 2020","2200.00"
"Andhra Pradesh","Jowar","May 2020","2251.62"
"Andhra Pradesh","Jowar","Jun 2020","2147.39"
"Andhra Pradesh","Jowar","Jul 2020","2179.27"
"Andhra Pradesh","Jowar","Aug 2020","2072.19"
"Andhra Pradesh","Jowar","Sep 2020","2290.60"
"Andhra Pradesh","Jowar","Oct 2020","2403.40"
"Andhra Pradesh","Jowar","Nov 2020","2469.50"
"Andhra Pradesh","Jowar","Dec 2020","2369.70"
"Andhra Pradesh","Jowar","Jan 2021","2351.21"
"Andhra Pradesh","Jowar","Feb 2021","2218.70"
"Andhra Pradesh","Jowar","Mar 2021","2340.86"
"Andhra Pradesh","Jowar","Apr 2021","2034.05"
"Andhra Pradesh","Jowar","May 2021","1936.02"
"Andhra Pradesh","Jowar","Jun 2021","1902.66"
"Andhra Pradesh","Jowar","Jul 2021","1911.08"
"Andhra Pradesh","Jowar","Aug 2021","1840.71"
"Andhra Pradesh","Jowar","Sep 2021","1801.58"
"Andhra Pradesh","Jowar","Oct 2021","1797.20"
"Andhra Pradesh","Jowar","Nov 2021","1794.37"
"Andhra Pradesh","Jowar","Dec 2021","1824.64"
"Andhra Pradesh","Jowar","Jan 2022","1773.31"
"Andhra Pradesh","Jowar","Feb 2022","1747.08"
"Andhra Pradesh","Jowar","Mar 2022","1773.16"
"Andhra Pradesh","Jowar","Apr 2022","1760.11"
"Andhra Pradesh","Jowar","May 2022","1798.35"
"Andhra Pradesh","Jowar","Jun 2022","1733.84"
"Andhra Pradesh","Jowar","Jul 2022","1729.77"
"Andhra Pradesh","Jowar","Aug 2022","1818.23"
"Andhra Pradesh","Jowar","Sep 2022","1851.79"
"Andhra Pradesh","Jowar","Oct 2022","1960.17"
"Andhra Pradesh","Jowar","Nov 2022","2732.13"
"Andhra Pradesh","Jowar","Dec 2022","2909.17"
"Andhra Pradesh","Jowar","Jan 2023","2934.18"
"Andhra Pradesh","Jowar","Feb 2023","2920.89"
"Andhra Pradesh","Jowar","Mar 2023","2998.81"
"Andhra Pradesh","Jowar","Apr 2023","3037.23"
"Andhra Pradesh","Jowar","May 2023","3115.27"
"Andhra Pradesh","Jowar","Jun 2023","3258.04"
"Andhra Pradesh","Jowar","Jul 2023","3285.33"
"Andhra Pradesh","Jowar","Aug 2023","3301.27"
"Andhra Pradesh","Jowar","Sep 2023","3407.50"
"Andhra Pradesh","Jowar","Oct 2023","3533.07"
"Andhra Pradesh","Jowar","Nov 2023","3697.25"
"Andhra Pradesh","Jowar","Dec 2023","3618.59"
"Andhra Pradesh","Jowar","Jan 2024","3144.08"
"Andhra Pradesh","Jowar","Feb 2024","3149.62"
"Andhra Pradesh","Jowar","Mar 2024","3188.57"
"Andhra Pradesh","Jowar","Apr 2024","3180.00"
"Andhra Pradesh","Jowar","May 2024","3182.38"
"Andhra Pradesh","Jowar","Jan 2025","3182.02"
"Andhra Pradesh","Jowar","Feb 2025","2734.81"
"Andhra Pradesh","Jowar","Mar 2025","2131.72"
"Andhra Pradesh","Jowar","Apr 2025","2415.26"
"Andhra Pradesh","Jowar","May 2025","2836.22"
"Andhra Pradesh","Jowar","Jun 2025","2408.09"
"Andhra Pradesh","Jowar","Jul 2025","2381.81"
"Andhra Pradesh","Jowar","Sep 2025","2100.00"
"Andhra Pradesh","Jowar","Nov 2025","2365.75"
"Andhra Pradesh","Jowar","Dec 2025","2315.79"
"Andhra Pradesh","Jowar","Jan 2026","2118.35"
"Andhra Pradesh","Jowar","Feb 2026","2000.00"
"Andhra Pradesh","Jowar","Jun 2026","3727.43"
"Andhra Pradesh","Jowar","Jul 2026","3460.47"
"Andhra Pradesh","Jowar","Aug 2026","3055.09"
"Andhra Pradesh","Jowar","Sep 2026","3300.37"
"Andhra Pradesh","Wheat","Nov 2016","2000.00"
"Andhra Pradesh","Wheat","Sep 2017","3100.00"
"Andhra Pradesh","Barley","Jan 2017","4500.00"
"Andhra Pradesh","Cotton","Sep 2017","4071.00"
"Andhra Pradesh","Moong (Dal/Split)","Oct 2024","5150.00"
"Andhra Pradesh","Moong (Dal/Split)","Nov 2024","5700.00"
"Andhra Pradesh","Groundnut Oil","Nov 2024","7750.00"